name,sc_type,ml_type,owner,pos.x,pos.y,pos.z,radius,is_on_screen
Camera,-1,-1,-1,100.45703125,77.4609375,0.0,-1,False
Factory,27,58,2,116.5,86.5,11.989013671875,1.8125,True
Reaper,49,84,1,99.58056640625,79.965087890625,10.487030029296875,0.375,True
Reaper,49,84,1,101.24951171875,87.333251953125,10.508392333984375,0.375,True
Reaper,49,84,1,99.62548828125,80.662353515625,10.487030029296875,0.375,True
Reaper,49,84,1,104.09228515625,69.407958984375,10.488378524780273,0.375,True
SpacePlatformGeyser,343,250,16,106.5,77.5,9.987030029296875,1.5,True
