name,sc_type,ml_type,owner,pos.x,pos.y,pos.z,radius,is_on_screen
Camera,-1,-1,-1,100.45703125,81.734375,0.0,-1,False
Factory,27,58,2,116.5,86.5,11.989013671875,1.8125,True
Reaper,49,84,1,101.206787109375,82.440673828125,10.487030029296875,0.375,True
Reaper,49,84,1,100.764404296875,83.786865234375,10.487030029296875,0.375,True
Reaper,49,84,1,104.234375,91.947265625,10.487030029296875,0.375,True
SpacePlatformGeyser,343,250,16,106.5,77.5,9.987030029296875,1.5,True
