name,sc_type,ml_type,owner,pos.x,pos.y,pos.z,radius,is_on_screen
Camera,-1,-1,-1,101.1796875,85.98828125,0.0,-1,False
UnbuildablePlatesDestructible,474,252,16,109.0,97.0,9.987030029296875,1.125,True
SpacePlatformGeyser,343,250,16,106.5,77.5,9.987030029296875,1.5,True
Reaper,49,84,1,102.26123046875,88.181396484375,10.487030029296875,0.375,True
Reaper,49,84,1,101.799072265625,87.653564453125,10.487030029296875,0.375,True
