name,sc_type,ml_type,owner,pos.x,pos.y,pos.z,radius,is_on_screen
Camera,-1,-1,-1,43.08203125,85.25,0.0,-1,False
VespeneGeyser,342,255,16,38.5,87.5,7.99725341796875,1.5,True
MineralField,341,235,16,36.0,86.5,7.99725341796875,1.125,True
MineralField,341,235,16,34.0,85.5,7.99725341796875,1.125,True
Probe,84,27,1,42.462890625,87.866455078125,7.999555587768555,0.375,True
