name,sc_type,ml_type,owner,pos.x,pos.y,pos.z,radius,is_on_screen
Camera,-1,-1,-1,96.25390625,39.6875,0.0,-1,False
MineralField,341,235,16,86.0,54.5,7.99725341796875,1.125,True
Nexus,59,21,1,106.5,36.5,9.999127388000488,2.75,True
Pylon,60,28,1,103.0,40.0,9.999127388000488,1.125,True
Gateway,62,15,1,90.5,28.5,11.9981689453125,1.8125,True
CyberneticsCore,72,7,1,93.5,28.5,11.9981689453125,1.8125,True
Stalker,74,34,1,95.070068359375,42.55517578125,9.99927806854248,0.625,True
UnbuildablePlatesDestructible,474,252,16,104.0,30.0,9.996185302734375,1.125,True
