name,sc_type,ml_type,owner,pos.x,pos.y,pos.z,radius,is_on_screen
Camera,-1,-1,-1,21.359375,96.578125,0.0,-1,False
SpacePlatformGeyser,343,250,16,12.5,110.5,9.996185302734375,1.5,True
Probe,84,27,1,18.437744140625,101.970947265625,9.999127388000488,0.375,True
UnbuildablePlatesDestructible,474,252,16,16.0,110.0,9.996185302734375,1.125,True
LabMineralField750,666,233,16,12.0,96.5,9.999237060546875,1.125,True
SCV,45,88,2,15.005615234375,102.583251953125,9.999127388000488,0.375,True
LabMineralField,665,232,16,13.0,97.5,9.996185302734375,1.125,True
