name,sc_type,ml_type,owner,pos.x,pos.y,pos.z,radius,is_on_screen
Camera,-1,-1,-1,94.4609375,40.66015625,0.0,-1,False
MineralField,341,235,16,86.0,54.5,7.99725341796875,1.125,True
MineralField,341,235,16,84.0,53.5,7.99725341796875,1.125,True
MineralField750,483,237,16,87.0,55.5,7.99725341796875,1.125,True
Stalker,74,34,1,92.84912109375,42.61669921875,9.999237060546875,0.625,True
Gateway,62,15,1,90.5,28.5,11.9981689453125,1.8125,True
Pylon,60,28,1,103.0,40.0,9.999127388000488,1.125,True
