name,sc_type,ml_type,owner,pos.x,pos.y,pos.z,radius,is_on_screen
Camera,-1,-1,-1,45.91015625,92.6171875,0.0,-1,False
VespeneGeyser,342,255,16,38.5,87.5,7.99725341796875,1.5,True
Phoenix,78,25,1,49.05322265625,89.054443359375,11.75048828125,0.75,True
Phoenix,78,25,1,50.429443359375,89.838134765625,11.76025390625,0.75,True
Phoenix,78,25,1,50.4033203125,91.350341796875,11.75146484375,0.75,True
Phoenix,78,25,1,48.76318359375,90.602783203125,11.7578125,0.75,True
