name,sc_type,ml_type,owner,pos.x,pos.y,pos.z,radius,is_on_screen
Camera,-1,-1,-1,92.234375,42.8125,0.0,-1,False
VespeneGeyser,342,255,16,81.5,52.5,7.99725341796875,1.5,True
MineralField,341,235,16,86.0,54.5,7.99725341796875,1.125,True
MineralField750,483,237,16,87.0,56.5,7.99725341796875,1.125,True
Gateway,62,15,1,90.5,28.5,11.9981689453125,1.8125,True
MineralField,341,235,16,84.0,53.5,7.99725341796875,1.125,True
Stalker,74,34,1,90.117431640625,47.012939453125,9.999237060546875,0.625,True
MineralField,341,235,16,87.0,57.5,7.99725341796875,1.125,True
MineralField750,483,237,16,87.0,55.5,7.99725341796875,1.125,True
