name,sc_type,ml_type,owner,pos.x,pos.y,pos.z,radius,is_on_screen
Camera,-1,-1,-1,97.96875,24.3515625,0.0,-1,False
SpacePlatformGeyser,343,250,16,107.5,29.5,9.996185302734375,1.5,True
UnbuildablePlatesDestructible,474,252,16,104.0,30.0,9.996185302734375,1.125,True
CyberneticsCore,72,7,1,93.5,28.5,11.9981689453125,1.8125,True
Nexus,59,21,1,106.5,36.5,9.999127388000488,2.75,True
Nexus,59,21,1,104.5,13.5,11.99897289276123,2.75,True
Gateway,62,15,1,90.5,28.5,11.9981689453125,1.8125,True
