name,sc_type,ml_type,owner,pos.x,pos.y,pos.z,radius,is_on_screen
Camera,-1,-1,-1,94.28515625,27.23828125,0.0,-1,False
UnbuildablePlatesDestructible,474,252,16,104.0,30.0,9.996185302734375,1.125,True
Pylon,60,28,1,88.0,27.0,11.9981689453125,1.125,True
CyberneticsCore,72,7,1,93.5,28.5,11.9981689453125,1.8125,True
Nexus,59,21,1,106.5,36.5,9.999127388000488,2.75,True
Probe,84,27,1,93.46923828125,26.691162109375,11.9981689453125,0.375,True
Gateway,62,15,1,90.5,28.5,11.9981689453125,1.8125,True
