name,sc_type,ml_type,owner,pos.x,pos.y,pos.z,radius,is_on_screen
Camera,-1,-1,-1,92.26171875,39.73828125,0.0,-1,False
VespeneGeyser,342,255,16,81.5,52.5,7.99725341796875,1.5,True
MineralField,341,235,16,86.0,54.5,7.99725341796875,1.125,True
MineralField,341,235,16,84.0,53.5,7.99725341796875,1.125,True
Gateway,62,15,1,90.5,28.5,11.9981689453125,1.8125,True
CyberneticsCore,72,7,1,93.5,28.5,11.9981689453125,1.8125,True
Stalker,74,34,1,95.7939453125,43.391845703125,9.999237060546875,0.625,True
