name,sc_type,ml_type,owner,pos.x,pos.y,pos.z,radius,is_on_screen
Camera,-1,-1,-1,50.23828125,88.13671875,0.0,-1,False
Phoenix,78,25,1,54.727294921875,86.1708984375,12.967529296875,0.75,True
Phoenix,78,25,1,54.437255859375,87.71923828125,12.411376953125,0.75,True
Phoenix,78,25,1,56.103515625,86.95458984375,12.818115234375,0.75,True
Phoenix,78,25,1,56.077392578125,88.466796875,12.260986328125,0.75,True
