name,sc_type,ml_type,owner,pos.x,pos.y,pos.z,radius,is_on_screen
Camera,-1,-1,-1,91.01953125,78.66796875,0.0,-1,False
Phoenix,78,25,1,86.872802734375,80.503662109375,11.835205078125,0.75,True
Phoenix,78,25,1,85.232666015625,79.756103515625,11.913330078125,0.75,True
Phoenix,78,25,1,85.522705078125,78.207763671875,12.2568359375,0.75,True
DestructibleRampDiagonalHugeBLUR,373,218,16,92.0,73.0,7.99928092956543,5.875,True
Phoenix,78,25,1,86.89892578125,78.991455078125,11.94970703125,0.75,True
