name,sc_type,ml_type,owner,pos.x,pos.y,pos.z,radius,is_on_screen
Camera,-1,-1,-1,53.34765625,75.59765625,0.0,-1,False
Probe,84,27,1,47.80224609375,82.03271484375,7.9989800453186035,0.375,True
