name,sc_type,ml_type,owner,pos.x,pos.y,pos.z,radius,is_on_screen
Camera,-1,-1,-1,59.46484375,70.0703125,0.0,-1,False
Probe,84,27,1,54.46728515625,75.044677734375,7.99725341796875,0.375,True
