name,sc_type,ml_type,owner,pos.x,pos.y,pos.z,radius,is_on_screen
Camera,-1,-1,-1,80.67578125,78.66796875,0.0,-1,False
Phoenix,78,25,1,78.98876953125,81.631103515625,11.752197265625,0.75,True
Phoenix,78,25,1,77.638671875,79.335205078125,11.773681640625,0.75,True
DestructibleRampDiagonalHugeBLUR,373,218,16,92.0,73.0,7.99928092956543,5.875,True
Phoenix,78,25,1,77.3486328125,80.883544921875,11.74658203125,0.75,True
Phoenix,78,25,1,79.014892578125,80.118896484375,11.767333984375,0.75,True
