name,sc_type,ml_type,owner,pos.x,pos.y,pos.z,radius,is_on_screen
Camera,-1,-1,-1,29.421875,93.35546875,0.0,-1,False
MineralField750,483,237,16,33.0,84.5,7.99725341796875,1.125,True
MineralField,341,235,16,34.0,85.5,7.99725341796875,1.125,True
MineralField,341,235,16,36.0,86.5,7.99725341796875,1.125,True
VespeneGeyser,342,255,16,38.5,87.5,7.99725341796875,1.5,True
Probe,84,27,1,29.558837890625,99.771484375,9.999402046203613,0.375,True
SCV,45,88,2,26.11376953125,102.140869140625,9.999402046203613,0.375,True
