name,sc_type,ml_type,owner,pos.x,pos.y,pos.z,radius,is_on_screen
Camera,-1,-1,-1,100.8125,63.97265625,0.0,-1,False
Phoenix,78,25,1,101.295654296875,63.715576171875,11.74609375,0.75,True
DestructibleRampDiagonalHugeBLUR,373,218,16,92.0,73.0,7.99928092956543,5.875,True
Phoenix,78,25,1,101.585693359375,62.167236328125,11.74609375,0.75,True
Phoenix,78,25,1,102.935791015625,64.463134765625,11.74609375,0.75,True
Pylon,60,28,1,103.0,69.0,7.999006271362305,1.125,True
Phoenix,78,25,1,102.9619140625,62.950927734375,11.74609375,0.75,True
VespeneGeyser,342,255,16,106.5,59.5,7.998868942260742,1.5,True
