name,sc_type,ml_type,owner,pos.x,pos.y,pos.z,radius,is_on_screen
Camera,-1,-1,-1,89.90234375,24.56640625,0.0,-1,False
Probe,84,27,1,90.09326171875,25.2470703125,11.9981689453125,0.375,True
PhotonCannon,66,26,1,92.0,24.0,11.9981689453125,1.125,True
Pylon,60,28,1,91.0,30.0,11.992828369140625,1.125,True
PhotonCannon,66,26,1,95.0,26.0,11.9981689453125,1.125,True
PhotonCannon,66,26,1,95.0,28.0,12.00885009765625,1.125,True
