name,sc_type,ml_type,owner,pos.x,pos.y,pos.z,radius,is_on_screen
Camera,-1,-1,-1,119.08203125,58.25,0.0,-1,False
VespeneGeyser,342,255,16,126.5,71.5,7.98809814453125,1.5,True
Battlecruiser,57,52,1,124.705078125,48.185302734375,13.929931640625,1.25,True
Battlecruiser,57,52,1,122.683837890625,49.087890625,14.0576171875,1.25,True
DestructibleRockEx14x4,638,221,16,122.0,51.0,9.993133544921875,2.25,True
Battlecruiser,57,52,1,120.594482421875,50.4638671875,14.063232421875,1.25,True
