name,sc_type,ml_type,owner,pos.x,pos.y,pos.z,radius,is_on_screen
Camera,-1,-1,-1,98.83984375,53.75390625,0.0,-1,False
Battlecruiser,57,52,1,107.03271484375,55.953369140625,11.782958984375,1.25,True
Battlecruiser,57,52,1,106.802001953125,56.47607421875,11.827880859375,1.25,True
OrbitalCommandFlying,134,79,2,98.32177734375,51.550537109375,11.738525390625,2.5,True
Battlecruiser,57,52,1,105.773681640625,57.80859375,12.013671875,1.25,True
Battlecruiser,57,52,1,105.938232421875,57.614013671875,11.98193359375,1.25,True
Battlecruiser,57,52,1,95.918212890625,48.696044921875,11.734375,1.25,True
