name,sc_type,ml_type,owner,pos.x,pos.y,pos.z,radius,is_on_screen
Camera,-1,-1,-1,98.83984375,51.78125,0.0,-1,False
Battlecruiser,57,52,1,104.004638671875,54.40966796875,11.737548828125,1.25,True
Battlecruiser,57,52,1,102.98193359375,55.634765625,11.7529296875,1.25,True
Battlecruiser,57,52,1,104.39208984375,53.999267578125,11.734375,1.25,True
Battlecruiser,57,52,1,95.918212890625,48.696044921875,11.734375,1.25,True
OrbitalCommandFlying,134,79,2,96.20263671875,48.583740234375,11.734375,2.5,True
