name,sc_type,ml_type,owner,pos.x,pos.y,pos.z,radius,is_on_screen
Camera,-1,-1,-1,40.953125,82.46875,0.0,-1,False
DestructibleDebris6x6,365,212,16,31.0,77.0,9.510185241699219,3.1875,True
SpacePlatformGeyser,343,250,16,33.5,90.5,7.989224433898926,1.5,True
LabMineralField,665,232,16,34.0,93.5,7.989224433898926,1.125,True
LabMineralField,665,232,16,34.0,95.5,7.989224433898926,1.125,True
LabMineralField750,666,233,16,33.0,94.5,7.989224433898926,1.125,True
