name,sc_type,ml_type,owner,pos.x,pos.y,pos.z,radius,is_on_screen
Camera,-1,-1,-1,128.0,61.4375,0.0,-1,False
LabMineralField750,666,233,16,117.0,73.5,9.988378524780273,1.125,True
LabMineralField750,666,233,16,130.0,54.5,7.98504638671875,1.125,True
LabMineralField,665,232,16,131.0,53.5,7.98504638671875,1.125,True
LabMineralField,665,232,16,133.0,51.5,7.9880828857421875,1.125,True
Oracle,495,24,1,139.668701171875,73.1572265625,12.095703125,0.75,True
