name,sc_type,ml_type,owner,pos.x,pos.y,pos.z,radius,is_on_screen
Camera,-1,-1,-1,55.54296875,42.65234375,0.0,-1,False
SpacePlatformGeyser,343,250,16,45.5,56.5,7.98504638671875,1.5,True
DestructibleDebris6x6,365,212,16,67.0,61.0,9.990081787109375,3.1875,True
LabMineralField750,666,233,16,39.0,58.5,7.99114990234375,1.125,True
Oracle,495,24,1,46.166015625,30.682373046875,13.73828125,0.75,True
InhibitorZoneMedium,1958,228,16,59.5,38.5,9.987030029296875,0.5625,True
Oracle,495,24,1,71.533203125,43.891845703125,13.73828125,0.75,True
InhibitorZoneMedium,1958,228,16,54.5,43.5,9.987030029296875,0.5625,True
