name,sc_type,ml_type,owner,pos.x,pos.y,pos.z,radius,is_on_screen
Camera,-1,-1,-1,42.75,19.9765625,0.0,-1,False
LabMineralField750,666,233,16,42.0,11.5,9.987030029296875,1.125,True
LabMineralField,665,232,16,41.0,10.5,9.987030029296875,1.125,True
SpacePlatformGeyser,343,250,16,42.5,14.5,9.988378524780273,1.5,True
Stalker,74,34,1,38.5380859375,19.9287109375,9.988821029663086,0.625,True
Nexus,59,21,1,35.5,15.5,10.0093994140625,2.75,True
Oracle,495,24,1,38.099853515625,18.8134765625,13.73828125,0.75,True
