name,sc_type,ml_type,owner,pos.x,pos.y,pos.z,radius,is_on_screen
Camera,-1,-1,-1,55.11328125,14.4921875,0.0,-1,False
LabMineralField750,666,233,16,62.0,11.5,7.9880828857421875,1.125,True
LabMineralField,665,232,16,64.0,7.5,7.9880828857421875,1.125,True
LabMineralField,665,232,16,63.0,12.5,7.9880828857421875,1.125,True
LabMineralField750,666,233,16,63.0,8.5,7.9880828857421875,1.125,True
LabMineralField,665,232,16,63.0,10.5,7.9880828857421875,1.125,True
LabMineralField750,666,233,16,68.0,5.5,7.9880828857421875,1.125,True
Oracle,495,24,1,40.68212890625,34.00634765625,13.776611328125,0.75,True
Oracle,495,24,1,41.24951171875,32.61572265625,13.768798828125,0.75,True
