name,sc_type,ml_type,owner,pos.x,pos.y,pos.z,radius,is_on_screen
Camera,-1,-1,-1,65.65234375,44.31640625,0.0,-1,False
InhibitorZoneMedium,1958,228,16,59.5,38.5,9.987030029296875,0.5625,True
Oracle,495,24,1,73.11669921875,51.043701171875,13.765380859375,0.75,True
DestructibleDebris6x6,365,212,16,67.0,61.0,9.990081787109375,3.1875,True
InhibitorZoneSmall,1957,229,16,72.5,55.5,9.990081787109375,0.5625,True
Oracle,495,24,1,58.6142578125,45.863037109375,13.816650390625,0.75,True
DestructibleDebris6x6,365,212,16,73.0,55.0,9.990081787109375,3.1875,True
