name,sc_type,ml_type,owner,pos.x,pos.y,pos.z,radius,is_on_screen
Camera,-1,-1,-1,46.32421875,25.88671875,0.0,-1,False
StasisTrap,732,36,1,43.5,26.5,9.988378524780273,0.4375,True
Oracle,495,24,1,41.146240234375,18.882080078125,13.80859375,0.75,True
Stalker,74,34,1,38.18798828125,16.94189453125,9.989044189453125,0.625,True
