name,sc_type,ml_type,owner,pos.x,pos.y,pos.z,radius,is_on_screen
Camera,-1,-1,-1,125.73828125,86.703125,0.0,-1,False
MineralField750,483,237,16,112.0,94.5,10.011444091796875,1.125,True
MineralField750,483,237,16,111.0,97.5,9.990081787109375,1.125,True
Probe,84,27,1,127.539306640625,77.565185546875,9.991256713867188,0.375,True
UnbuildableRocksDestructible,472,253,16,130.0,81.0,9.990081787109375,1.125,True
Nexus,59,21,1,135.5,101.5,11.991090774536133,2.75,True
Nexus,59,21,1,135.5,77.5,9.991256713867188,2.75,True
