name,sc_type,ml_type,owner,pos.x,pos.y,pos.z,radius,is_on_screen
Camera,-1,-1,-1,85.140625,80.79296875,0.0,-1,False
InhibitorZoneMedium,1958,228,16,80.5,77.5,9.987030029296875,0.5625,True
InhibitorZoneMedium,1958,228,16,85.5,72.5,9.989757537841797,0.5625,True
Probe,84,27,1,83.44091796875,81.880859375,9.987030029296875,0.375,True
