name,sc_type,ml_type,owner,pos.x,pos.y,pos.z,radius,is_on_screen
Camera,-1,-1,-1,39.0078125,21.0234375,0.0,-1,False
SpacePlatformGeyser,343,250,16,42.5,14.5,9.988378524780273,1.5,True
LabMineralField750,666,233,16,42.0,11.5,9.987030029296875,1.125,True
UnbuildablePlatesDestructible,474,252,16,31.0,19.0,9.989297866821289,1.125,True
Probe,84,27,1,35.79541015625,15.902099609375,9.989297866821289,0.375,True
