name,sc_type,ml_type,owner,pos.x,pos.y,pos.z,radius,is_on_screen
Camera,-1,-1,-1,65.31640625,105.17578125,0.0,-1,False
LabMineralField750,666,233,16,75.0,109.5,7.98504638671875,1.125,True
LabMineralField750,666,233,16,72.0,110.5,7.98504638671875,1.125,True
SpacePlatformGeyser,343,250,16,63.5,106.5,7.9880828857421875,1.5,True
SpacePlatformGeyser,343,250,16,67.5,110.5,7.98504638671875,1.5,True
Probe,84,27,1,64.802734375,110.684814453125,7.98504638671875,0.375,True
LabMineralField,665,232,16,71.0,109.5,7.98504638671875,1.125,True
Pylon,60,28,1,65.0,112.0,7.98504638671875,1.125,True
