name,sc_type,ml_type,owner,pos.x,pos.y,pos.z,radius,is_on_screen
Camera,-1,-1,-1,51.7109375,20.359375,0.0,-1,False
Oracle,495,24,1,48.542236328125,18.238037109375,15.296875,0.75,True
Stalker,74,34,1,51.566162109375,24.87744140625,9.987030029296875,0.625,True
Oracle,495,24,1,43.105712890625,24.749267578125,13.848388671875,0.75,True
SpacePlatformGeyser,343,250,16,42.5,14.5,9.988378524780273,1.5,True
StasisTrap,732,36,1,43.5,26.5,9.988378524780273,0.4375,True
