name,sc_type,ml_type,owner,pos.x,pos.y,pos.z,radius,is_on_screen
Camera,-1,-1,-1,97.4140625,64.51953125,0.0,-1,False
SpacePlatformGeyser,343,250,16,94.5,59.5,7.98504638671875,1.5,True
LabMineralField750,666,233,16,97.0,59.5,7.99114990234375,1.125,True
LabMineralField,665,232,16,98.0,58.5,7.99114990234375,1.125,True
LabMineralField,665,232,16,102.0,56.5,7.99114990234375,1.125,True
LabMineralField750,666,233,16,101.0,57.5,7.99114990234375,1.125,True
LabMineralField750,666,233,16,103.0,55.5,7.98809814453125,1.125,True
Oracle,495,24,1,101.84619140625,84.89306640625,13.96435546875,0.75,True
SpacePlatformGeyser,343,250,16,106.5,77.5,9.987030029296875,1.5,True
