name,sc_type,ml_type,owner,pos.x,pos.y,pos.z,radius,is_on_screen
Camera,-1,-1,-1,125.078125,75.64453125,0.0,-1,False
MineralField,341,235,16,136.0,71.5,9.990081787109375,1.125,True
UnbuildableRocksDestructible,472,253,16,130.0,81.0,9.990081787109375,1.125,True
Gateway,62,15,1,121.5,72.5,9.99193286895752,1.8125,True
Nexus,59,21,1,135.5,77.5,9.991256713867188,2.75,True
SCV,45,88,2,120.845703125,80.64208984375,9.959228515625,0.375,True
Pylon,60,28,1,125.0,76.0,9.99193286895752,1.125,True
VespeneGeyser,342,255,16,132.5,70.5,9.993133544921875,1.5,True
Probe,84,27,1,124.2421875,80.177001953125,9.988731384277344,0.375,True
