name,sc_type,ml_type,owner,pos.x,pos.y,pos.z,radius,is_on_screen
Camera,-1,-1,-1,133.625,84.296875,0.0,-1,False
Probe,84,27,1,134.908447265625,78.26904296875,9.991256713867188,0.375,True
MineralField,341,235,16,142.0,75.5,9.991426467895508,1.125,True
UnbuildableRocksDestructible,472,253,16,130.0,81.0,9.990081787109375,1.125,True
MineralField750,483,237,16,143.0,76.5,9.991426467895508,1.125,True
VespeneGeyser,342,255,16,142.5,80.5,9.990081787109375,1.5,True
MineralField,341,235,16,142.0,77.5,9.991426467895508,1.125,True
Pylon,60,28,1,125.0,76.0,9.99193286895752,1.125,True
