name,sc_type,ml_type,owner,pos.x,pos.y,pos.z,radius,is_on_screen
Camera,-1,-1,-1,138.48828125,88.01171875,0.0,-1,False
VespeneGeyser,342,255,16,142.5,80.5,9.990081787109375,1.5,True
SCV,45,88,2,132.06396484375,93.24169921875,11.989013671875,0.375,True
VespeneGeyser,342,255,16,142.5,98.5,11.991259574890137,1.5,True
Assimilator,61,3,1,142.5,98.5,11.991259574890137,1.6875,True
Nexus,59,21,1,135.5,101.5,11.991090774536133,2.75,True
UnbuildableRocksDestructible,472,253,16,130.0,81.0,9.990081787109375,1.125,True
Nexus,59,21,1,135.5,77.5,9.991256713867188,2.75,True
