name,sc_type,ml_type,owner,pos.x,pos.y,pos.z,radius,is_on_screen
Camera,-1,-1,-1,104.1953125,70.7890625,0.0,-1,False
LabMineralField750,666,233,16,114.0,76.5,9.987030029296875,1.125,True
SpacePlatformGeyser,343,250,16,110.5,77.5,9.987030029296875,1.5,True
LabMineralField750,666,233,16,113.0,77.5,9.987030029296875,1.125,True
WarpGate,133,41,2,111.5,87.5,11.989013671875,1.8125,True
SpacePlatformGeyser,343,250,16,106.5,77.5,9.987030029296875,1.5,True
Oracle,495,24,1,117.139892578125,56.619384765625,13.06005859375,0.75,True
Oracle,495,24,1,98.514404296875,78.15869140625,13.73876953125,0.75,True
