name,sc_type,ml_type,owner,pos.x,pos.y,pos.z,radius,is_on_screen
Camera,-1,-1,-1,35.921875,39.5390625,0.0,-1,False
SpacePlatformGeyser,343,250,16,29.5,38.5,9.987030029296875,1.5,True
SpacePlatformGeyser,343,250,16,33.5,38.5,9.988378524780273,1.5,True
LabMineralField750,666,233,16,26.0,39.5,9.987030029296875,1.125,True
LabMineralField750,666,233,16,27.0,38.5,9.987030029296875,1.125,True
LabMineralField750,666,233,16,39.0,58.5,7.99114990234375,1.125,True
