name,sc_type,ml_type,owner,pos.x,pos.y,pos.z,radius,is_on_screen
Camera,-1,-1,-1,101.609375,57.00390625,0.0,-1,False
Drone,104,124,1,107.31201171875,55.277099609375,8.118755340576172,0.375,True
Probe,84,27,2,109.675048828125,54.750244140625,8.573148727416992,0.375,True
DestructibleDebris6x6,365,212,16,109.0,59.0,9.465934753417969,3.1875,True
