name,sc_type,ml_type,owner,pos.x,pos.y,pos.z,radius,is_on_screen
Camera,-1,-1,-1,116.6640625,51.0234375,0.0,-1,False
LabMineralField750,666,233,16,127.0,61.5,9.987030029296875,1.125,True
LabMineralField,665,232,16,128.0,62.5,9.989228248596191,1.125,True
DestructibleDebris6x6,365,212,16,109.0,59.0,9.465934753417969,3.1875,True
PhotonCannon,66,26,2,119.0,48.0,9.989228248596191,1.125,True
Overlord,106,152,1,115.8408203125,47.656005859375,15.54052734375,1.0,True
Pylon,60,28,2,117.0,45.0,9.987030029296875,1.125,True
