name,sc_type,ml_type,owner,pos.x,pos.y,pos.z,radius,is_on_screen
Camera,-1,-1,-1,109.8515625,4.0,0.0,-1,False
Assimilator,61,3,2,120.5,8.5,11.988958358764648,1.6875,True
WarpGate,133,41,2,118.5,20.5,11.988958358764648,1.8125,True
Overlord,106,152,1,102.54833984375,3.603515625,13.768798828125,1.0,True
WarpGate,133,41,2,112.5,10.5,11.9859619140625,1.8125,True
