name,sc_type,ml_type,owner,pos.x,pos.y,pos.z,radius,is_on_screen
Camera,-1,-1,-1,18.0625,103.81640625,0.0,-1,False
LabMineralField,665,232,16,14.0,101.5,9.990081787109375,1.125,True
LabMineralField,665,232,16,11.0,101.5,9.990601539611816,1.125,True
Overlord,106,152,1,14.3046875,101.622314453125,14.515869140625,1.0,True
LabMineralField750,666,233,16,13.0,102.5,9.990081787109375,1.125,True
UnbuildableBricksDestructible,473,251,16,19.0,99.0,9.987030029296875,1.125,True
SpacePlatformGeyser,343,250,16,8.5,117.5,11.988958358764648,1.5,True
Hatchery,86,130,1,13.5,95.5,9.989228248596191,2.75,True
