name,sc_type,ml_type,owner,pos.x,pos.y,pos.z,radius,is_on_screen
Camera,-1,-1,-1,18.0625,99.82421875,0.0,-1,False
UnbuildableBricksDestructible,473,251,16,19.0,99.0,9.987030029296875,1.125,True
LabMineralField,665,232,16,14.0,101.5,9.990081787109375,1.125,True
LabMineralField750,666,233,16,13.0,102.5,9.990081787109375,1.125,True
LabMineralField,665,232,16,11.0,101.5,9.990601539611816,1.125,True
LabMineralField750,666,233,16,8.0,100.5,9.990876197814941,1.125,True
