name,sc_type,ml_type,owner,pos.x,pos.y,pos.z,radius,is_on_screen
Camera,-1,-1,-1,28.234375,108.4140625,0.0,-1,False
Pylon,60,28,1,22.0,115.0,12.00885009765625,1.125,True
CyberneticsCore,72,7,1,23.5,117.5,11.9981689453125,1.8125,True
Gateway,62,15,1,27.5,112.5,11.9981689453125,1.8125,True
Gateway,62,15,1,24.5,114.5,11.9981689453125,1.8125,True
