name,sc_type,ml_type,owner,pos.x,pos.y,pos.z,radius,is_on_screen
Camera,-1,-1,-1,14.66015625,74.2265625,0.0,-1,False
VespeneGeyser,342,255,16,13.5,80.5,7.998868942260742,1.5,True
MineralField750,483,237,16,6.0,78.5,7.99725341796875,1.125,True
DestructibleRampDiagonalHugeBLUR,373,218,16,28.0,67.0,7.99928092956543,5.875,True
MineralField,341,235,16,5.0,77.5,7.99725341796875,1.125,True
VespeneGeyser,342,255,16,9.5,80.5,7.999006271362305,1.5,True
MineralField,341,235,16,6.0,68.5,7.99725341796875,1.125,True
MineralField,341,235,16,5.0,75.5,7.99725341796875,1.125,True
