name,sc_type,ml_type,owner,pos.x,pos.y,pos.z,radius,is_on_screen
Camera,-1,-1,-1,78.81640625,54.91796875,0.0,-1,False
Roach,110,164,1,88.173095703125,55.092041015625,7.99114990234375,0.5,True
Roach,110,164,1,88.719482421875,56.021484375,7.998210906982422,0.5,True
Roach,110,164,1,87.787353515625,55.947509765625,8.099328994750977,0.5,True
Roach,110,164,1,88.2021484375,56.8046875,8.177928924560547,0.5,True
