name,sc_type,ml_type,owner,pos.x,pos.y,pos.z,radius,is_on_screen
Camera,-1,-1,-1,70.40625,58.65625,0.0,-1,False
Zergling,105,179,1,70.43603515625,66.64111328125,9.989228248596191,0.375,True
Zergling,105,179,1,66.71142578125,65.03955078125,9.987030029296875,0.375,True
Zergling,105,179,1,67.35107421875,65.29296875,9.987030029296875,0.375,True
Zergling,105,179,1,71.053955078125,66.944091796875,9.989228248596191,0.375,True
