name,sc_type,ml_type,owner,pos.x,pos.y,pos.z,radius,is_on_screen
Camera,-1,-1,-1,95.11328125,53.2578125,0.0,-1,False
Marine,48,74,1,84.5537109375,55.614501953125,7.991761207580566,0.375,True
Marine,48,74,1,83.93505859375,56.979248046875,7.991761207580566,0.375,True
DestructibleRockEx1DiagonalHugeULBR,640,224,16,86.0,46.0,7.991698265075684,5.875,True
Marine,48,74,1,86.3818359375,55.196533203125,7.991761207580566,0.375,True
