name,sc_type,ml_type,owner,pos.x,pos.y,pos.z,radius,is_on_screen
Camera,-1,-1,-1,99.4609375,83.14453125,0.0,-1,False
VespeneGeyser,342,255,16,95.5,78.5,7.9915924072265625,1.5,True
MineralField,341,235,16,105.0,74.5,7.99114990234375,1.125,True
MineralField750,483,237,16,105.0,75.5,7.99114990234375,1.125,True
MineralField,341,235,16,99.0,77.5,7.99114990234375,1.125,True
MineralField750,483,237,16,104.0,76.5,7.99114990234375,1.125,True
MineralField750,483,237,16,100.0,78.5,7.99114990234375,1.125,True
MineralField,341,235,16,103.0,77.5,7.99114990234375,1.125,True
