name,sc_type,ml_type,owner,pos.x,pos.y,pos.z,radius,is_on_screen
Camera,-1,-1,-1,55.11328125,58.5703125,0.0,-1,False
DestructibleRockEx1DiagonalHugeULBR,640,224,16,66.0,74.0,7.991697788238525,5.875,True
VespeneGeyser,342,255,16,46.5,49.5,7.99114990234375,1.5,True
Dog,336,227,16,52.29345703125,57.702880859375,7.992099285125732,0.375,True
Marine,48,74,1,58.794921875,61.883544921875,7.992095470428467,0.375,True
